path,from_line,to_line,status,notes,source_of_truth_ref
SUTAZAI_FEATURES_AND_USERSTORIES_BIBLE.md,1,100,‚ö†Ô∏èunclear,,
SUTAZAI_FEATURES_AND_USERSTORIES_BIBLE.md,101,200,‚ö†Ô∏èunclear,,
SUTAZAI_FEATURES_AND_USERSTORIES_BIBLE.md,201,300,‚ö†Ô∏èunclear,,
SUTAZAI_FEATURES_AND_USERSTORIES_BIBLE.md,301,400,‚ö†Ô∏èunclear,,
SUTAZAI_FEATURES_AND_USERSTORIES_BIBLE.md,401,500,‚ö†Ô∏èunclear,,
SUTAZAI_FEATURES_AND_USERSTORIES_BIBLE.md,501,526,‚ö†Ô∏èunclear,,
SUTAZAI_MVP.md,1,100,‚ö†Ô∏èunclear,,
SUTAZAI_MVP.md,101,200,‚ö†Ô∏èunclear,,
SUTAZAI_MVP.md,201,300,‚ö†Ô∏èunclear,,
SUTAZAI_MVP.md,301,400,‚ö†Ô∏èunclear,,
SUTAZAI_MVP.md,401,500,‚ö†Ô∏èunclear,,
SUTAZAI_MVP.md,501,600,‚ö†Ô∏èunclear,,
SUTAZAI_MVP.md,601,700,‚ö†Ô∏èunclear,,
SUTAZAI_MVP.md,701,800,‚ö†Ô∏èunclear,,
SUTAZAI_MVP.md,801,900,‚ö†Ô∏èunclear,,
SUTAZAI_MVP.md,901,1000,‚ö†Ô∏èunclear,,
SUTAZAI_MVP.md,1001,1100,‚ö†Ô∏èunclear,,
SUTAZAI_MVP.md,1101,1200,‚ö†Ô∏èunclear,,
SUTAZAI_MVP.md,1201,1300,‚ö†Ô∏èunclear,,
SUTAZAI_MVP.md,1301,1400,‚ö†Ô∏èunclear,,
SUTAZAI_MVP.md,1401,1500,‚ö†Ô∏èunclear,,
SUTAZAI_MVP.md,1501,1600,‚ö†Ô∏èunclear,,
SUTAZAI_MVP.md,1601,1700,‚ö†Ô∏èunclear,,
SUTAZAI_MVP.md,1701,1800,‚ö†Ô∏èunclear,,
SUTAZAI_MVP.md,1801,1900,‚ö†Ô∏èunclear,,
SUTAZAI_MVP.md,1901,2000,‚ö†Ô∏èunclear,,
SUTAZAI_MVP.md,2001,2100,‚ö†Ô∏èunclear,,
SUTAZAI_MVP.md,2101,2150,‚ö†Ô∏èunclear,,
PERFECT_JARVIS_SYNTHESIS_PLAN.md,1,100,‚ö†Ô∏èunclear,,
PERFECT_JARVIS_SYNTHESIS_PLAN.md,101,200,‚ö†Ô∏èunclear,,
PERFECT_JARVIS_SYNTHESIS_PLAN.md,201,300,‚ö†Ô∏èunclear,,
PERFECT_JARVIS_SYNTHESIS_PLAN.md,301,302,‚ö†Ô∏èunclear,,
SUTAZAI_PRD.md,1,100,‚ö†Ô∏èunclear,,
SUTAZAI_PRD.md,101,200,‚ö†Ô∏èunclear,,
SUTAZAI_PRD.md,201,300,‚ö†Ô∏èunclear,,
SUTAZAI_PRD.md,301,400,‚ö†Ô∏èunclear,,
SUTAZAI_PRD.md,401,500,‚ö†Ô∏èunclear,,
SUTAZAI_PRD.md,501,600,‚ö†Ô∏èunclear,,
SUTAZAI_PRD.md,601,700,‚ö†Ô∏èunclear,,
SUTAZAI_PRD.md,701,800,‚ö†Ô∏èunclear,,
SUTAZAI_PRD.md,801,900,‚ö†Ô∏èunclear,,
SUTAZAI_PRD.md,901,1000,‚ö†Ô∏èunclear,,
SUTAZAI_PRD.md,1001,1100,‚ö†Ô∏èunclear,,
SUTAZAI_PRD.md,1101,1200,‚ö†Ô∏èunclear,,
SUTAZAI_PRD.md,1201,1300,‚ö†Ô∏èunclear,,
SUTAZAI_PRD.md,1301,1400,‚ö†Ô∏èunclear,,
SUTAZAI_PRD.md,1401,1500,‚ö†Ô∏èunclear,,
SUTAZAI_PRD.md,1501,1600,‚ö†Ô∏èunclear,,
SUTAZAI_PRD.md,1601,1700,‚ö†Ô∏èunclear,,
SUTAZAI_PRD.md,1701,1800,‚ö†Ô∏èunclear,,
SUTAZAI_PRD.md,1801,1900,‚ö†Ô∏èunclear,,
SUTAZAI_PRD.md,1901,2000,‚ö†Ô∏èunclear,,
SUTAZAI_PRD.md,2001,2100,‚ö†Ô∏èunclear,,
SUTAZAI_PRD.md,2101,2200,‚ö†Ô∏èunclear,,
SUTAZAI_PRD.md,2201,2300,‚ö†Ô∏èunclear,,
SUTAZAI_PRD.md,2301,2400,‚ö†Ô∏èunclear,,
SUTAZAI_PRD.md,2401,2500,‚ö†Ô∏èunclear,,
SUTAZAI_PRD.md,2501,2600,‚ö†Ô∏èunclear,,
SUTAZAI_PRD.md,2601,2700,‚ö†Ô∏èunclear,,
SUTAZAI_PRD.md,2701,2800,‚ö†Ô∏èunclear,,
SUTAZAI_PRD.md,2801,2900,‚ö†Ô∏èunclear,,
SUTAZAI_PRD.md,2901,3000,‚ö†Ô∏èunclear,,
SUTAZAI_PRD.md,3001,3100,‚ö†Ô∏èunclear,,
SUTAZAI_PRD.md,3101,3135,‚ö†Ô∏èunclear,,
REAL_FEATURES_AND_USERSTORIES.md,1,100,‚ö†Ô∏èunclear,,
REAL_FEATURES_AND_USERSTORIES.md,101,200,‚ö†Ô∏èunclear,,
REAL_FEATURES_AND_USERSTORIES.md,201,300,‚ö†Ô∏èunclear,,
REAL_FEATURES_AND_USERSTORIES.md,301,400,‚ö†Ô∏èunclear,,
Sutazai_Strategy _Plan_IMPORTANT.md,1,1,üï≥Ô∏èmissing,Binary/unparsed file,
COMPREHENSIVE_ENGINEERING_STANDARDS.md,1,100,‚ö†Ô∏èunclear,,
COMPREHENSIVE_ENGINEERING_STANDARDS.md,101,200,‚ö†Ô∏èunclear,,
COMPREHENSIVE_ENGINEERING_STANDARDS.md,201,300,‚ö†Ô∏èunclear,,
COMPREHENSIVE_ENGINEERING_STANDARDS.md,301,400,‚ö†Ô∏èunclear,,
COMPREHENSIVE_ENGINEERING_STANDARDS.md,401,500,‚ö†Ô∏èunclear,,
COMPREHENSIVE_ENGINEERING_STANDARDS.md,501,600,‚ö†Ô∏èunclear,,
COMPREHENSIVE_ENGINEERING_STANDARDS.md,601,700,‚ö†Ô∏èunclear,,
COMPREHENSIVE_ENGINEERING_STANDARDS.md,701,800,‚ö†Ô∏èunclear,,
COMPREHENSIVE_ENGINEERING_STANDARDS.md,801,900,‚ö†Ô∏èunclear,,
COMPREHENSIVE_ENGINEERING_STANDARDS.md,901,993,‚ö†Ô∏èunclear,,
SUTAZAI_SYSTEM_ARCHITECTURE_BLUEPRINT.md,1,100,‚ö†Ô∏èunclear,,
SUTAZAI_SYSTEM_ARCHITECTURE_BLUEPRINT.md,101,200,‚ö†Ô∏èunclear,,
SUTAZAI_SYSTEM_ARCHITECTURE_BLUEPRINT.md,201,300,‚ö†Ô∏èunclear,,
SUTAZAI_SYSTEM_ARCHITECTURE_BLUEPRINT.md,301,400,‚ö†Ô∏èunclear,,
SUTAZAI_SYSTEM_ARCHITECTURE_BLUEPRINT.md,401,500,‚ö†Ô∏èunclear,,
SUTAZAI_SYSTEM_ARCHITECTURE_BLUEPRINT.md,501,600,‚ö†Ô∏èunclear,,
SUTAZAI_SYSTEM_ARCHITECTURE_BLUEPRINT.md,601,700,‚ö†Ô∏èunclear,,
SUTAZAI_SYSTEM_ARCHITECTURE_BLUEPRINT.md,701,800,‚ö†Ô∏èunclear,,
SUTAZAI_SYSTEM_ARCHITECTURE_BLUEPRINT.md,801,900,‚ö†Ô∏èunclear,,
SUTAZAI_SYSTEM_ARCHITECTURE_BLUEPRINT.md,901,1000,‚ö†Ô∏èunclear,,
SUTAZAI_SYSTEM_ARCHITECTURE_BLUEPRINT.md,1001,1100,‚ö†Ô∏èunclear,,
SUTAZAI_SYSTEM_ARCHITECTURE_BLUEPRINT.md,1101,1200,‚ö†Ô∏èunclear,,
SUTAZAI_SYSTEM_ARCHITECTURE_BLUEPRINT.md,1201,1300,‚ö†Ô∏èunclear,,
SUTAZAI_SYSTEM_ARCHITECTURE_BLUEPRINT.md,1301,1400,‚ö†Ô∏èunclear,,
SUTAZAI_SYSTEM_ARCHITECTURE_BLUEPRINT.md,1401,1500,‚ö†Ô∏èunclear,,
SUTAZAI_SYSTEM_ARCHITECTURE_BLUEPRINT.md,1501,1600,‚ö†Ô∏èunclear,,
SUTAZAI_SYSTEM_ARCHITECTURE_BLUEPRINT.md,1601,1636,‚ö†Ô∏èunclear,,
CHANGELOG.md,1,100,‚ö†Ô∏èunclear,,
CHANGELOG.md,101,129,‚ö†Ô∏èunclear,,
Strategy _Plan.md,1,100,‚ö†Ô∏èunclear,,
Strategy _Plan.md,101,200,‚ö†Ô∏èunclear,,
Strategy _Plan.md,201,300,‚ö†Ô∏èunclear,,
Strategy _Plan.md,301,400,‚ö†Ô∏èunclear,,
Strategy _Plan.md,401,500,‚ö†Ô∏èunclear,,
Strategy _Plan.md,501,600,‚ö†Ô∏èunclear,,
Strategy _Plan.md,601,700,‚ö†Ô∏èunclear,,
Strategy _Plan.md,701,800,‚ö†Ô∏èunclear,,
Strategy _Plan.md,801,900,‚ö†Ô∏èunclear,,
Strategy _Plan.md,901,1000,‚ö†Ô∏èunclear,,
Strategy _Plan.md,1001,1100,‚ö†Ô∏èunclear,,
Strategy _Plan.md,1101,1200,‚ö†Ô∏èunclear,,
Strategy _Plan.md,1201,1300,‚ö†Ô∏èunclear,,
Strategy _Plan.md,1301,1400,‚ö†Ô∏èunclear,,
Strategy _Plan.md,1401,1500,‚ö†Ô∏èunclear,,
Strategy _Plan.md,1501,1600,‚ö†Ô∏èunclear,,
Strategy _Plan.md,1601,1700,‚ö†Ô∏èunclear,,
Strategy _Plan.md,1701,1800,‚ö†Ô∏èunclear,,
Strategy _Plan.md,1801,1900,‚ö†Ô∏èunclear,,
Strategy _Plan.md,1901,2000,‚ö†Ô∏èunclear,,
Strategy _Plan.md,2001,2100,‚ö†Ô∏èunclear,,
Strategy _Plan.md,2101,2200,‚ö†Ô∏èunclear,,
Strategy _Plan.md,2201,2300,‚ö†Ô∏èunclear,,
Strategy _Plan.md,2301,2400,‚ö†Ô∏èunclear,,
Strategy _Plan.md,2401,2500,‚ö†Ô∏èunclear,,
Strategy _Plan.md,2501,2590,‚ö†Ô∏èunclear,,
COMPREHENSIVE_ENGINEERING_STANDARDS_FULL.md,1,100,‚ö†Ô∏èunclear,,
COMPREHENSIVE_ENGINEERING_STANDARDS_FULL.md,101,200,‚ö†Ô∏èunclear,,
COMPREHENSIVE_ENGINEERING_STANDARDS_FULL.md,201,300,‚ö†Ô∏èunclear,,
COMPREHENSIVE_ENGINEERING_STANDARDS_FULL.md,301,400,‚ö†Ô∏èunclear,,
COMPREHENSIVE_ENGINEERING_STANDARDS_FULL.md,401,500,‚ö†Ô∏èunclear,,
COMPREHENSIVE_ENGINEERING_STANDARDS_FULL.md,501,600,‚ö†Ô∏èunclear,,
COMPREHENSIVE_ENGINEERING_STANDARDS_FULL.md,601,700,‚ö†Ô∏èunclear,,
COMPREHENSIVE_ENGINEERING_STANDARDS_FULL.md,701,800,‚ö†Ô∏èunclear,,
COMPREHENSIVE_ENGINEERING_STANDARDS_FULL.md,801,900,‚ö†Ô∏èunclear,,
COMPREHENSIVE_ENGINEERING_STANDARDS_FULL.md,901,993,‚ö†Ô∏èunclear,,
SYSTEM_ROADMAP_BIBLE.md,1,100,‚ö†Ô∏èunclear,,
SYSTEM_ROADMAP_BIBLE.md,101,200,‚ö†Ô∏èunclear,,
SYSTEM_ROADMAP_BIBLE.md,201,300,‚ö†Ô∏èunclear,,
SYSTEM_ROADMAP_BIBLE.md,301,320,‚ö†Ô∏èunclear,,
SUTAZAI_SYSTEM_ARCHITECTURE_BLUEPRINT_Part_2.md,1,100,‚ö†Ô∏èunclear,,
SUTAZAI_SYSTEM_ARCHITECTURE_BLUEPRINT_Part_2.md,101,200,‚ö†Ô∏èunclear,,
SUTAZAI_SYSTEM_ARCHITECTURE_BLUEPRINT_Part_2.md,201,300,‚ö†Ô∏èunclear,,
SUTAZAI_SYSTEM_ARCHITECTURE_BLUEPRINT_Part_2.md,301,400,‚ö†Ô∏èunclear,,
SUTAZAI_SYSTEM_ARCHITECTURE_BLUEPRINT_Part_2.md,401,500,‚ö†Ô∏èunclear,,
SUTAZAI_SYSTEM_ARCHITECTURE_BLUEPRINT_Part_2.md,501,600,‚ö†Ô∏èunclear,,
SUTAZAI_SYSTEM_ARCHITECTURE_BLUEPRINT_Part_2.md,601,700,‚ö†Ô∏èunclear,,
SUTAZAI_SYSTEM_ARCHITECTURE_BLUEPRINT_Part_2.md,701,800,‚ö†Ô∏èunclear,,
SUTAZAI_SYSTEM_ARCHITECTURE_BLUEPRINT_Part_2.md,801,900,‚ö†Ô∏èunclear,,
SUTAZAI_SYSTEM_ARCHITECTURE_BLUEPRINT_Part_2.md,901,1000,‚ö†Ô∏èunclear,,
SUTAZAI_SYSTEM_ARCHITECTURE_BLUEPRINT_Part_2.md,1001,1100,‚ö†Ô∏èunclear,,
SUTAZAI_SYSTEM_ARCHITECTURE_BLUEPRINT_Part_2.md,1101,1200,‚ö†Ô∏èunclear,,
SUTAZAI_SYSTEM_ARCHITECTURE_BLUEPRINT_Part_2.md,1201,1300,‚ö†Ô∏èunclear,,
SUTAZAI_SYSTEM_ARCHITECTURE_BLUEPRINT_Part_2.md,1301,1400,‚ö†Ô∏èunclear,,
SUTAZAI_SYSTEM_ARCHITECTURE_BLUEPRINT_Part_2.md,1401,1500,‚ö†Ô∏èunclear,,
SUTAZAI_SYSTEM_ARCHITECTURE_BLUEPRINT_Part_2.md,1501,1600,‚ö†Ô∏èunclear,,
SUTAZAI_SYSTEM_ARCHITECTURE_BLUEPRINT_Part_2.md,1601,1607,‚ö†Ô∏èunclear,,
SUTAZAI_POC.md,1,100,‚ö†Ô∏èunclear,,
SUTAZAI_POC.md,101,200,‚ö†Ô∏èunclear,,
SUTAZAI_POC.md,201,300,‚ö†Ô∏èunclear,,
SUTAZAI_POC.md,301,400,‚ö†Ô∏èunclear,,
SUTAZAI_POC.md,401,500,‚ö†Ô∏èunclear,,
SUTAZAI_POC.md,501,600,‚ö†Ô∏èunclear,,
SUTAZAI_POC.md,601,700,‚ö†Ô∏èunclear,,
SUTAZAI_POC.md,701,800,‚ö†Ô∏èunclear,,
SUTAZAI_POC.md,801,900,‚ö†Ô∏èunclear,,
SUTAZAI_POC.md,901,1000,‚ö†Ô∏èunclear,,
SUTAZAI_POC.md,1001,1100,‚ö†Ô∏èunclear,,
SUTAZAI_POC.md,1101,1200,‚ö†Ô∏èunclear,,
SUTAZAI_POC.md,1201,1300,‚ö†Ô∏èunclear,,
SUTAZAI_POC.md,1301,1400,‚ö†Ô∏èunclear,,
SUTAZAI_POC.md,1401,1500,‚ö†Ô∏èunclear,,
SUTAZAI_POC.md,1501,1600,‚ö†Ô∏èunclear,,
SUTAZAI_POC.md,1601,1601,‚ö†Ô∏èunclear,,
Archives/IMPLEMENTATION_GUIDE.md,1,100,‚ö†Ô∏èunclear,,
Archives/IMPLEMENTATION_GUIDE.md,101,200,‚ö†Ô∏èunclear,,
Archives/IMPLEMENTATION_GUIDE.md,201,300,‚ö†Ô∏èunclear,,
Archives/IMPLEMENTATION_GUIDE.md,301,400,‚ö†Ô∏èunclear,,
Archives/IMPLEMENTATION_GUIDE.md,401,500,‚ö†Ô∏èunclear,,
Archives/IMPLEMENTATION_GUIDE.md,501,600,‚ö†Ô∏èunclear,,
Archives/IMPLEMENTATION_GUIDE.md,601,700,‚ö†Ô∏èunclear,,
Archives/IMPLEMENTATION_GUIDE.md,701,800,‚ö†Ô∏èunclear,,
Archives/IMPLEMENTATION_GUIDE.md,801,900,‚ö†Ô∏èunclear,,
Archives/IMPLEMENTATION_GUIDE.md,901,1000,‚ö†Ô∏èunclear,,
Archives/IMPLEMENTATION_GUIDE.md,1001,1100,‚ö†Ô∏èunclear,,
Archives/IMPLEMENTATION_GUIDE.md,1101,1200,‚ö†Ô∏èunclear,,
Archives/IMPLEMENTATION_GUIDE.md,1201,1300,‚ö†Ô∏èunclear,,
Archives/IMPLEMENTATION_GUIDE.md,1301,1400,‚ö†Ô∏èunclear,,
Archives/IMPLEMENTATION_GUIDE.md,1401,1500,‚ö†Ô∏èunclear,,
Archives/IMPLEMENTATION_GUIDE.md,1501,1600,‚ö†Ô∏èunclear,,
Archives/IMPLEMENTATION_GUIDE.md,1601,1700,‚ö†Ô∏èunclear,,
Archives/IMPLEMENTATION_GUIDE.md,1701,1800,‚ö†Ô∏èunclear,,
Archives/IMPLEMENTATION_GUIDE.md,1801,1900,‚ö†Ô∏èunclear,,
Archives/IMPLEMENTATION_GUIDE.md,1901,2000,‚ö†Ô∏èunclear,,
Archives/IMPLEMENTATION_GUIDE.md,2001,2100,‚ö†Ô∏èunclear,,
Archives/IMPLEMENTATION_GUIDE.md,2101,2200,‚ö†Ô∏èunclear,,
Archives/IMPLEMENTATION_GUIDE.md,2201,2300,‚ö†Ô∏èunclear,,
Archives/IMPLEMENTATION_GUIDE.md,2301,2400,‚ö†Ô∏èunclear,,
Archives/IMPLEMENTATION_GUIDE.md,2401,2500,‚ö†Ô∏èunclear,,
Archives/IMPLEMENTATION_GUIDE.md,2501,2600,‚ö†Ô∏èunclear,,
Archives/IMPLEMENTATION_GUIDE.md,2601,2616,‚ö†Ô∏èunclear,,
Archives/SYSTEM_ROADMAP_BIBLEv2 (2).md,1,100,‚ö†Ô∏èunclear,,
Archives/SYSTEM_ROADMAP_BIBLEv2 (2).md,101,200,‚ö†Ô∏èunclear,,
Archives/SYSTEM_ROADMAP_BIBLEv2 (2).md,201,300,‚ö†Ô∏èunclear,,
Archives/SYSTEM_ROADMAP_BIBLEv2 (2).md,301,400,‚ö†Ô∏èunclear,,
Archives/SYSTEM_ROADMAP_BIBLEv2 (2).md,401,500,‚ö†Ô∏èunclear,,
Archives/SYSTEM_ROADMAP_BIBLEv2 (2).md,501,600,‚ö†Ô∏èunclear,,
Archives/SYSTEM_ROADMAP_BIBLEv2 (2).md,601,700,‚ö†Ô∏èunclear,,
Archives/SYSTEM_ROADMAP_BIBLEv2 (2).md,701,800,‚ö†Ô∏èunclear,,
Archives/SYSTEM_ROADMAP_BIBLEv2 (2).md,801,884,‚ö†Ô∏èunclear,,
Archives/SUTAZAI_FEATURES_AND_USERSTORIES_BIBLE.md,1,100,‚ö†Ô∏èunclear,,
Archives/SUTAZAI_FEATURES_AND_USERSTORIES_BIBLE.md,101,200,‚ö†Ô∏èunclear,,
Archives/SUTAZAI_FEATURES_AND_USERSTORIES_BIBLE.md,201,300,‚ö†Ô∏èunclear,,
Archives/SUTAZAI_FEATURES_AND_USERSTORIES_BIBLE.md,301,400,‚ö†Ô∏èunclear,,
Archives/SUTAZAI_FEATURES_AND_USERSTORIES_BIBLE.md,401,500,‚ö†Ô∏èunclear,,
Archives/SUTAZAI_FEATURES_AND_USERSTORIES_BIBLE.md,501,600,‚ö†Ô∏èunclear,,
Archives/SUTAZAI_FEATURES_AND_USERSTORIES_BIBLE.md,601,700,‚ö†Ô∏èunclear,,
Archives/SUTAZAI_FEATURES_AND_USERSTORIES_BIBLE.md,701,800,‚ö†Ô∏èunclear,,
Archives/SUTAZAI_FEATURES_AND_USERSTORIES_BIBLE.md,801,900,‚ö†Ô∏èunclear,,
Archives/SUTAZAI_FEATURES_AND_USERSTORIES_BIBLE.md,901,1000,‚ö†Ô∏èunclear,,
Archives/SUTAZAI_FEATURES_AND_USERSTORIES_BIBLE.md,1001,1100,‚ö†Ô∏èunclear,,
Archives/SUTAZAI_FEATURES_AND_USERSTORIES_BIBLE.md,1101,1200,‚ö†Ô∏èunclear,,
Archives/SUTAZAI_FEATURES_AND_USERSTORIES_BIBLE.md,1201,1300,‚ö†Ô∏èunclear,,
Archives/SUTAZAI_FEATURES_AND_USERSTORIES_BIBLE.md,1301,1400,‚ö†Ô∏èunclear,,
Archives/SUTAZAI_FEATURES_AND_USERSTORIES_BIBLE.md,1401,1500,‚ö†Ô∏èunclear,,
Archives/SUTAZAI_FEATURES_AND_USERSTORIES_BIBLE.md,1501,1600,‚ö†Ô∏èunclear,,
Archives/SUTAZAI_FEATURES_AND_USERSTORIES_BIBLE.md,1601,1700,‚ö†Ô∏èunclear,,
Archives/SUTAZAI_FEATURES_AND_USERSTORIES_BIBLE.md,1701,1800,‚ö†Ô∏èunclear,,
Archives/SUTAZAI_FEATURES_AND_USERSTORIES_BIBLE.md,1801,1900,‚ö†Ô∏èunclear,,
Archives/SUTAZAI_FEATURES_AND_USERSTORIES_BIBLE.md,1901,2000,‚ö†Ô∏èunclear,,
Archives/SUTAZAI_FEATURES_AND_USERSTORIES_BIBLE.md,2001,2100,‚ö†Ô∏èunclear,,
Archives/SUTAZAI_FEATURES_AND_USERSTORIES_BIBLE.md,2101,2200,‚ö†Ô∏èunclear,,
Archives/SUTAZAI_FEATURES_AND_USERSTORIES_BIBLE.md,2201,2300,‚ö†Ô∏èunclear,,
Archives/SUTAZAI_FEATURES_AND_USERSTORIES_BIBLE.md,2301,2400,‚ö†Ô∏èunclear,,
Archives/SUTAZAI_FEATURES_AND_USERSTORIES_BIBLE.md,2401,2500,‚ö†Ô∏èunclear,,
Archives/SUTAZAI_FEATURES_AND_USERSTORIES_BIBLE.md,2501,2523,‚ö†Ô∏èunclear,,
Archives/SUTAZAI_SYSTEM_ROADMAP.md,1,100,‚ö†Ô∏èunclear,,
Archives/SUTAZAI_SYSTEM_ROADMAP.md,101,200,‚ö†Ô∏èunclear,,
Archives/SUTAZAI_SYSTEM_ROADMAP.md,201,300,‚ö†Ô∏èunclear,,
Archives/SUTAZAI_SYSTEM_ROADMAP.md,301,320,‚ö†Ô∏èunclear,,
Archives/DISTRIBUTED_AI_SERVICES_ARCHITECTURE.md,1,100,‚ö†Ô∏èunclear,,
Archives/DISTRIBUTED_AI_SERVICES_ARCHITECTURE.md,101,174,‚ö†Ô∏èunclear,,
Archives/CLEANUP_OPERATION_FINAL_SUMMARY.md,1,100,‚ö†Ô∏èunclear,,
Archives/CLEANUP_OPERATION_FINAL_SUMMARY.md,101,169,‚ö†Ô∏èunclear,,
Archives/SUTAZAI_SYSTEM_ARCHITECTURE_BLUEPRINT.docx,1,1,üï≥Ô∏èmissing,Extraction not implemented for .docx,
Archives/SYSTEM_TRUTH_SUMMARY.md,1,100,‚ö†Ô∏èunclear,,
Archives/SYSTEM_TRUTH_SUMMARY.md,101,184,‚ö†Ô∏èunclear,,
Archives/SUTAZAI_SYSTEM_ARCHITECTURE_BLUEPRINT_Part_2.docx,1,1,üï≥Ô∏èmissing,Extraction not implemented for .docx,
Archives/FULL_SYSTEM_CAPABILITY_ASSESSMENT.md,1,100,‚ö†Ô∏èunclear,,
Archives/FULL_SYSTEM_CAPABILITY_ASSESSMENT.md,101,200,‚ö†Ô∏èunclear,,
Archives/FULL_SYSTEM_CAPABILITY_ASSESSMENT.md,201,300,‚ö†Ô∏èunclear,,
Archives/FULL_SYSTEM_CAPABILITY_ASSESSMENT.md,301,400,‚ö†Ô∏èunclear,,
Archives/FULL_SYSTEM_CAPABILITY_ASSESSMENT.md,401,500,‚ö†Ô∏èunclear,,
Archives/FULL_SYSTEM_CAPABILITY_ASSESSMENT.md,501,550,‚ö†Ô∏èunclear,,
Archives/DOCKER_DEPLOYMENT_GUIDE.md,1,100,‚ö†Ô∏èunclear,,
Archives/DOCKER_DEPLOYMENT_GUIDE.md,101,200,‚ö†Ô∏èunclear,,
Archives/DOCKER_DEPLOYMENT_GUIDE.md,201,300,‚ö†Ô∏èunclear,,
Archives/DOCKER_DEPLOYMENT_GUIDE.md,301,400,‚ö†Ô∏èunclear,,
Archives/DOCKER_DEPLOYMENT_GUIDE.md,401,460,‚ö†Ô∏èunclear,,
Archives/SUTAZAI_MVP.docx,1,1,üï≥Ô∏èmissing,Extraction not implemented for .docx,
Archives/TECHNOLOGY_STACK_REPOSITORY_INDEX.md,1,100,‚ö†Ô∏èunclear,,
Archives/TECHNOLOGY_STACK_REPOSITORY_INDEX.md,101,200,‚ö†Ô∏èunclear,,
Archives/TECHNOLOGY_STACK_REPOSITORY_INDEX.md,201,300,‚ö†Ô∏èunclear,,
Archives/TECHNOLOGY_STACK_REPOSITORY_INDEX.md,301,312,‚ö†Ô∏èunclear,,
Archives/SUTAZAI_PRD.docx,1,1,üï≥Ô∏èmissing,Extraction not implemented for .docx,
Archives/LLM_RESEARCH_REPORT.md,1,100,‚ö†Ô∏èunclear,,
Archives/LLM_RESEARCH_REPORT.md,101,200,‚ö†Ô∏èunclear,,
Archives/LLM_RESEARCH_REPORT.md,201,218,‚ö†Ô∏èunclear,,
Archives/DEVELOPER_GUIDE.md,1,100,‚ö†Ô∏èunclear,,
Archives/DEVELOPER_GUIDE.md,101,200,‚ö†Ô∏èunclear,,
Archives/DEVELOPER_GUIDE.md,201,300,‚ö†Ô∏èunclear,,
Archives/DEVELOPER_GUIDE.md,301,400,‚ö†Ô∏èunclear,,
Archives/DEVELOPER_GUIDE.md,401,500,‚ö†Ô∏èunclear,,
Archives/DEVELOPER_GUIDE.md,501,595,‚ö†Ô∏èunclear,,
Archives/ACTUAL_SYSTEM_INVENTORY.md,1,100,‚ö†Ô∏èunclear,,
Archives/ACTUAL_SYSTEM_INVENTORY.md,101,193,‚ö†Ô∏èunclear,,
Archives/EMERGENCY_DEPLOYMENT_PLAN.md,1,100,‚ö†Ô∏èunclear,,
Archives/EMERGENCY_DEPLOYMENT_PLAN.md,101,200,‚ö†Ô∏èunclear,,
Archives/EMERGENCY_DEPLOYMENT_PLAN.md,201,211,‚ö†Ô∏èunclear,,
Archives/Sutazai_Strategy _Plan_IMPORTANT.docx,1,1,üï≥Ô∏èmissing,Extraction not implemented for .docx,
Archives/MONITORING_OBSERVABILITY_STACK.md,1,100,‚ö†Ô∏èunclear,,
Archives/MONITORING_OBSERVABILITY_STACK.md,101,200,‚ö†Ô∏èunclear,,
Archives/MONITORING_OBSERVABILITY_STACK.md,201,300,‚ö†Ô∏èunclear,,
Archives/MONITORING_OBSERVABILITY_STACK.md,301,400,‚ö†Ô∏èunclear,,
Archives/MONITORING_OBSERVABILITY_STACK.md,401,500,‚ö†Ô∏èunclear,,
Archives/MONITORING_OBSERVABILITY_STACK.md,501,600,‚ö†Ô∏èunclear,,
Archives/MONITORING_OBSERVABILITY_STACK.md,601,700,‚ö†Ô∏èunclear,,
Archives/MONITORING_OBSERVABILITY_STACK.md,701,800,‚ö†Ô∏èunclear,,
Archives/MONITORING_OBSERVABILITY_STACK.md,801,900,‚ö†Ô∏èunclear,,
Archives/MONITORING_OBSERVABILITY_STACK.md,901,948,‚ö†Ô∏èunclear,,
Archives/SYSTEM_ARCHITECTURE_BLUEPRINT.md,1,100,‚ö†Ô∏èunclear,,
Archives/SYSTEM_ARCHITECTURE_BLUEPRINT.md,101,200,‚ö†Ô∏èunclear,,
Archives/SYSTEM_ARCHITECTURE_BLUEPRINT.md,201,300,‚ö†Ô∏èunclear,,
Archives/SYSTEM_ARCHITECTURE_BLUEPRINT.md,301,400,‚ö†Ô∏èunclear,,
Archives/SYSTEM_ARCHITECTURE_BLUEPRINT.md,401,500,‚ö†Ô∏èunclear,,
Archives/SYSTEM_ARCHITECTURE_BLUEPRINT.md,501,600,‚ö†Ô∏èunclear,,
Archives/SYSTEM_ARCHITECTURE_BLUEPRINT.md,601,700,‚ö†Ô∏èunclear,,
Archives/SYSTEM_ARCHITECTURE_BLUEPRINT.md,701,800,‚ö†Ô∏èunclear,,
Archives/SYSTEM_ARCHITECTURE_BLUEPRINT.md,801,900,‚ö†Ô∏èunclear,,
Archives/SYSTEM_ARCHITECTURE_BLUEPRINT.md,901,1000,‚ö†Ô∏èunclear,,
Archives/SYSTEM_ARCHITECTURE_BLUEPRINT.md,1001,1100,‚ö†Ô∏èunclear,,
Archives/SYSTEM_ARCHITECTURE_BLUEPRINT.md,1101,1200,‚ö†Ô∏èunclear,,
Archives/SYSTEM_ARCHITECTURE_BLUEPRINT.md,1201,1300,‚ö†Ô∏èunclear,,
Archives/SYSTEM_ARCHITECTURE_BLUEPRINT.md,1301,1400,‚ö†Ô∏èunclear,,
Archives/SYSTEM_ARCHITECTURE_BLUEPRINT.md,1401,1500,‚ö†Ô∏èunclear,,
Archives/SYSTEM_ARCHITECTURE_BLUEPRINT.md,1501,1600,‚ö†Ô∏èunclear,,
Archives/SYSTEM_ARCHITECTURE_BLUEPRINT.md,1601,1700,‚ö†Ô∏èunclear,,
Archives/SYSTEM_ARCHITECTURE_BLUEPRINT.md,1701,1800,‚ö†Ô∏èunclear,,
Archives/SYSTEM_ARCHITECTURE_BLUEPRINT.md,1801,1900,‚ö†Ô∏èunclear,,
Archives/SYSTEM_ARCHITECTURE_BLUEPRINT.md,1901,2000,‚ö†Ô∏èunclear,,
Archives/SYSTEM_ARCHITECTURE_BLUEPRINT.md,2001,2100,‚ö†Ô∏èunclear,,
Archives/SYSTEM_ARCHITECTURE_BLUEPRINT.md,2101,2200,‚ö†Ô∏èunclear,,
Archives/SYSTEM_ARCHITECTURE_BLUEPRINT.md,2201,2300,‚ö†Ô∏èunclear,,
Archives/SYSTEM_ARCHITECTURE_BLUEPRINT.md,2301,2335,‚ö†Ô∏èunclear,,
Archives/SYSTEM_ROADMAP_BIBLEv2 (1).md,1,100,‚ö†Ô∏èunclear,,
Archives/SYSTEM_ROADMAP_BIBLEv2 (1).md,101,200,‚ö†Ô∏èunclear,,
Archives/SYSTEM_ROADMAP_BIBLEv2 (1).md,201,300,‚ö†Ô∏èunclear,,
Archives/SYSTEM_ROADMAP_BIBLEv2 (1).md,301,400,‚ö†Ô∏èunclear,,
Archives/SYSTEM_ROADMAP_BIBLEv2 (1).md,401,500,‚ö†Ô∏èunclear,,
Archives/SYSTEM_ROADMAP_BIBLEv2 (1).md,501,600,‚ö†Ô∏èunclear,,
Archives/SYSTEM_ROADMAP_BIBLEv2 (1).md,601,700,‚ö†Ô∏èunclear,,
Archives/SYSTEM_ROADMAP_BIBLEv2 (1).md,701,800,‚ö†Ô∏èunclear,,
Archives/SYSTEM_ROADMAP_BIBLEv2 (1).md,801,900,‚ö†Ô∏èunclear,,
Archives/SYSTEM_ROADMAP_BIBLEv2 (1).md,901,1000,‚ö†Ô∏èunclear,,
Archives/SYSTEM_ROADMAP_BIBLEv2 (1).md,1001,1100,‚ö†Ô∏èunclear,,
Archives/SYSTEM_ROADMAP_BIBLEv2 (1).md,1101,1200,‚ö†Ô∏èunclear,,
Archives/SYSTEM_ROADMAP_BIBLEv2 (1).md,1201,1300,‚ö†Ô∏èunclear,,
Archives/SYSTEM_ROADMAP_BIBLEv2 (1).md,1301,1400,‚ö†Ô∏èunclear,,
Archives/SYSTEM_ROADMAP_BIBLEv2 (1).md,1401,1435,‚ö†Ô∏èunclear,,
Archives/CORE_SERVICES_DOCUMENTATION.md,1,100,‚ö†Ô∏èunclear,,
Archives/CORE_SERVICES_DOCUMENTATION.md,101,200,‚ö†Ô∏èunclear,,
Archives/CORE_SERVICES_DOCUMENTATION.md,201,300,‚ö†Ô∏èunclear,,
Archives/CORE_SERVICES_DOCUMENTATION.md,301,400,‚ö†Ô∏èunclear,,
Archives/CORE_SERVICES_DOCUMENTATION.md,401,500,‚ö†Ô∏èunclear,,
Archives/CORE_SERVICES_DOCUMENTATION.md,501,600,‚ö†Ô∏èunclear,,
Archives/CORE_SERVICES_DOCUMENTATION.md,601,654,‚ö†Ô∏èunclear,,
Archives/ACTUAL_SYSTEM_STATE_VERIFIED.md,1,100,‚ö†Ô∏èunclear,,
Archives/ACTUAL_SYSTEM_STATE_VERIFIED.md,101,147,‚ö†Ô∏èunclear,,
Archives/AI_AGENT_FRAMEWORK_GUIDE.md,1,100,‚ö†Ô∏èunclear,,
Archives/AI_AGENT_FRAMEWORK_GUIDE.md,101,200,‚ö†Ô∏èunclear,,
Archives/AI_AGENT_FRAMEWORK_GUIDE.md,201,300,‚ö†Ô∏èunclear,,
Archives/AI_AGENT_FRAMEWORK_GUIDE.md,301,400,‚ö†Ô∏èunclear,,
Archives/AI_AGENT_FRAMEWORK_GUIDE.md,401,500,‚ö†Ô∏èunclear,,
Archives/AI_AGENT_FRAMEWORK_GUIDE.md,501,600,‚ö†Ô∏èunclear,,
Archives/AI_AGENT_FRAMEWORK_GUIDE.md,601,700,‚ö†Ô∏èunclear,,
Archives/AI_AGENT_FRAMEWORK_GUIDE.md,701,797,‚ö†Ô∏èunclear,,
Archives/SYSTEM_ROADMAP_BIBLE.md,1,100,‚ö†Ô∏èunclear,,
Archives/SYSTEM_ROADMAP_BIBLE.md,101,200,‚ö†Ô∏èunclear,,
Archives/SYSTEM_ROADMAP_BIBLE.md,201,300,‚ö†Ô∏èunclear,,
Archives/SYSTEM_ROADMAP_BIBLE.md,301,400,‚ö†Ô∏èunclear,,
Archives/SYSTEM_ROADMAP_BIBLE.md,401,500,‚ö†Ô∏èunclear,,
Archives/SYSTEM_ROADMAP_BIBLE.md,501,600,‚ö†Ô∏èunclear,,
Archives/SYSTEM_ROADMAP_BIBLE.md,601,700,‚ö†Ô∏èunclear,,
Archives/SYSTEM_ROADMAP_BIBLE.md,701,800,‚ö†Ô∏èunclear,,
Archives/SYSTEM_ROADMAP_BIBLE.md,801,900,‚ö†Ô∏èunclear,,
Archives/SYSTEM_ROADMAP_BIBLE.md,901,1000,‚ö†Ô∏èunclear,,
Archives/SYSTEM_ROADMAP_BIBLE.md,1001,1100,‚ö†Ô∏èunclear,,
Archives/SYSTEM_ROADMAP_BIBLE.md,1101,1200,‚ö†Ô∏èunclear,,
Archives/SYSTEM_ROADMAP_BIBLE.md,1201,1300,‚ö†Ô∏èunclear,,
Archives/SYSTEM_ROADMAP_BIBLE.md,1301,1400,‚ö†Ô∏èunclear,,
Archives/SYSTEM_ROADMAP_BIBLE.md,1401,1435,‚ö†Ô∏èunclear,,
Archives/VERIFIED_INFRASTRUCTURE_ARCHITECTURE.md,1,100,‚ö†Ô∏èunclear,,
Archives/VERIFIED_INFRASTRUCTURE_ARCHITECTURE.md,101,200,‚ö†Ô∏èunclear,,
Archives/VERIFIED_INFRASTRUCTURE_ARCHITECTURE.md,201,300,‚ö†Ô∏èunclear,,
Archives/VERIFIED_INFRASTRUCTURE_ARCHITECTURE.md,301,345,‚ö†Ô∏èunclear,,
Archives/DATABASE_SETUP_COMPLETE.md,1,100,‚ö†Ô∏èunclear,,
Archives/DATABASE_SETUP_COMPLETE.md,101,200,‚ö†Ô∏èunclear,,
Archives/DATABASE_SETUP_COMPLETE.md,201,300,‚ö†Ô∏èunclear,,
Archives/DATABASE_SETUP_COMPLETE.md,301,308,‚ö†Ô∏èunclear,,
Archives/SUTAZAI_FEATURES_AND_USERSTORIES_BIBLEv2.md,1,100,‚ö†Ô∏èunclear,,
Archives/SUTAZAI_FEATURES_AND_USERSTORIES_BIBLEv2.md,101,200,‚ö†Ô∏èunclear,,
Archives/SUTAZAI_FEATURES_AND_USERSTORIES_BIBLEv2.md,201,300,‚ö†Ô∏èunclear,,
Archives/SUTAZAI_FEATURES_AND_USERSTORIES_BIBLEv2.md,301,305,‚ö†Ô∏èunclear,,
Archives/SUTAZAI_POC.docx,1,1,üï≥Ô∏èmissing,Extraction not implemented for .docx,
Archives/API_SPECIFICATION.md,1,100,‚ö†Ô∏èunclear,,
Archives/API_SPECIFICATION.md,101,160,‚ö†Ô∏èunclear,,
Archives/Reports and Findings/CLEANUP_COMPLETE_REPORT.md,1,100,‚ö†Ô∏èunclear,,
Archives/Reports and Findings/CLEANUP_COMPLETE_REPORT.md,101,200,‚ö†Ô∏èunclear,,
Archives/Reports and Findings/CLEANUP_COMPLETE_REPORT.md,201,300,‚ö†Ô∏èunclear,,
Archives/Reports and Findings/CLEANUP_COMPLETE_REPORT.md,301,337,‚ö†Ô∏èunclear,,
Archives/Reports and Findings/ACTUAL_RUNNING_SERVICES.md,1,100,‚ö†Ô∏èunclear,,
Archives/Reports and Findings/ACTUAL_RUNNING_SERVICES.md,101,200,‚ö†Ô∏èunclear,,
Archives/Reports and Findings/ACTUAL_RUNNING_SERVICES.md,201,258,‚ö†Ô∏èunclear,,
Archives/Reports and Findings/CLEANUP_ARTIFACTS.md,1,100,‚ö†Ô∏èunclear,,
Archives/Reports and Findings/CLEANUP_ARTIFACTS.md,101,200,‚ö†Ô∏èunclear,,
Archives/Reports and Findings/CLEANUP_ARTIFACTS.md,201,300,‚ö†Ô∏èunclear,,
Archives/Reports and Findings/CLEANUP_ARTIFACTS.md,301,400,‚ö†Ô∏èunclear,,
Archives/Reports and Findings/CLEANUP_ARTIFACTS.md,401,456,‚ö†Ô∏èunclear,,

